{"cameraMode":{"drawMode":0,"name":"Shaded","section":"Shading Mode"},"sceneLighting":true,"audioPlay":false,"sceneViewState":{"showFog":true,"showMaterialUpdate":false,"showSkybox":true,"showFlares":true,"showImageEffects":true,"showParticleSystems":true},"in2DMode":false,"pivot":{"x":-0.6718658208847046,"y":2.6971631050109865,"z":0.10816317051649094},"rotation":{"x":-0.13445262610912324,"y":-0.6913906335830689,"z":0.13332636654376985,"w":-0.6972281336784363},"size":26.85866928100586,"orthographic":true}